Job Title,Company,Location,Work Arrangement,URL,Posted,Match,Match %,Matched Skills
Data Engineer,IGO Techonologies,"Bonifacio Global City, Metro Manila",hybrid,https://ph.jobstreet.com/job/95049004,2026-10-05,2/17,11.8,Python; SQL
"Full Stack Engineer – Python, React & AI (Remote)",Cresco Australia,Metro Manila,remote,https://ph.jobstreet.com/job/94973851,2026-09-30,2/17,11.8,Full-Stack Development; Python
Cloud Engineer (DevOps Engineer),Accion Labs,"Quezon City, Metro Manila",onsite,https://ph.jobstreet.com/job/94945632,2026-09-29,1/17,5.9,DevOps
DevOps Engineer,NCS Philippines,"Bonifacio Global City, Metro Manila",hybrid,https://ph.jobstreet.com/job/94980002,2026-09-30,1/17,5.9,DevOps
Senior Cloud Operations Engineer (L3) - Azure & M365 Expert,iSupport Worldwide,"Ortigas, Metro Manila",remote,https://ph.jobstreet.com/job/94996407,2026-10-01,1/17,5.9,Automation
Cloud Operations Engineer (Cloud / DevOps),Accion Labs,"Diliman, Metro Manila",onsite,https://ph.jobstreet.com/job/94955577,2026-09-29,1/17,5.9,DevOps
Practice Lead Cloud,NCS Philippines,"Bonifacio Global City, Metro Manila",hybrid,https://ph.jobstreet.com/job/95051078,2026-10-05,1/17,5.9,Mentorship
Senior Azure DevOps Engineer,CoDev,Metro Manila,remote,https://ph.jobstreet.com/job/94985031,2026-09-30,1/17,5.9,DevOps
Full Stack Developer,Emerson Electric,"Mandaluyong City, Metro Manila",hybrid,https://ph.jobstreet.com/job/95047053,2026-10-04,1/17,5.9,Full-Stack Development
Cloud Engineering Lead | Remote,enablesGROUP,"Ortigas, Metro Manila",remote,https://ph.jobstreet.com/job/94961832,2026-09-30,1/17,5.9,Automation
Data & Integration Engineer,MBVA 24-7,Metro Manila,remote,https://ph.jobstreet.com/job/94931624,2026-09-29,1/17,5.9,Backend Engineering
IT Engineer,Kylin Human Resources and Manning Corp,"Makati City, Metro Manila",onsite,https://ph.jobstreet.com/job/95001098,2026-10-01,1/17,5.9,Linux
